,Produto 1,Descricao 1,1.5,1
,Produto 2,Descricao 2,2,1
,Produto 3,Descricao 3,2.5,1
,Produto 4,Descricao 4,3,1
,Produto 5,Descricao 5,3.5,1
,Produto 6,Descricao 6,4,1
,Produto 7,Descricao 7,4.5,1
,Produto 8,Descricao 8,5,1
,Produto 9,Descricao 9,5.5,1
,Produto 10,Descricao 10,6,1
,Produto 11,Descricao 11,6.5,1
,Produto 12,Descricao 12,7,1
,Produto 13,Descricao 13,7.5,1
,Produto 14,Descricao 14,8,1
,Produto 15,Descricao 15,8.5,1
,Produto 16,Descricao 16,9,1
,Produto 17,Descricao 17,9.5,1
,Produto 18,Descricao 18,10,1
,Produto 19,Descricao 19,10.5,1
,Produto 20,Descricao 20,11,1
,Produto 21,Descricao 21,11.5,1
,Produto 22,Descricao 22,12,1
,Produto 23,Descricao 23,12.5,1
,Produto 24,Descricao 24,13,1
,Produto 25,Descricao 25,13.5,1
,Produto 26,Descricao 26,14,1
,Produto 27,Descricao 27,14.5,1
,Produto 28,Descricao 28,15,1
,Produto 29,Descricao 29,15.5,1
,Produto 30,Descricao 30,16,1
,Produto 31,Descricao 31,16.5,1
,Produto 32,Descricao 32,17,1
,Produto 33,Descricao 33,17.5,1
,Produto 34,Descricao 34,18,1
,Produto 35,Descricao 35,18.5,1
,Produto 36,Descricao 36,19,1
,Produto 37,Descricao 37,19.5,1
,Produto 38,Descricao 38,20,1
,Produto 39,Descricao 39,20.5,1
,Produto 40,Descricao 40,21,1
,Produto 41,Descricao 41,21.5,1
,Produto 42,Descricao 42,22,1
,Produto 43,Descricao 43,22.5,1
,Produto 44,Descricao 44,23,1
,Produto 45,Descricao 45,23.5,1
,Produto 46,Descricao 46,24,1
,Produto 47,Descricao 47,24.5,1
,Produto 48,Descricao 48,25,1
,Produto 49,Descricao 49,25.5,1
,Produto 50,Descricao 50,26,1
